[
  {
    "id": 1,
    "title": "Vivo V7 ",
    "description": "Renowned brand Vivo emerging with V7 that looks great with its beautiful design. Insider information told us that a new smartphone is on its way and this upcoming device will be called Vivo V7 <span class=\"label label-info\">Rs. 29,999 each </span>",
    "price": 29999
  },
  {
    "id": 2,
    "title": "Huawei Mate 10 Pro",
    "description": "Huawei Mate 10 Pro's retail price in Pakistan is Rs. 87,999. Official dealers and warranty providers regulate the retail price of Huawei mobile products in official warranty. <span class=\"label label-danger\">Rs. 87,999 each</span>",
    "price": 87999 
  },
  {
    "id": 3,
    "title": "Nokia 8",
    "description": "Nokia 8's retail price in Pakistan is Rs. 59,900. Official dealers and warranty providers regulate the retail price of Nokia mobile products in official warranty. <span class=\"label label-info\">Rs. 59,900 each</span>",
    "price": 59900 
  },
{
    "id": 4,
    "title": "Samsung j7 Pro",
    "description": "samsung j7 retail price in Pakistan is Rs.  38000. Official dealers and warranty providers regulate the retail price of Nokia mobile products in official warranty. <span class=\"label label-info\">Rs. 36,999 each</span>",
    "price": 36999
  },
{
    "id": 5,
    "title": "Apple iPhone X",
    "description": "Apple brought twist in the iPhone X design and now for the lovers of this brand is going to watch a totally new design in their next product which is going to reveal very soon<span class=\"label label-danger\">Rs. 127,500 each</span>, but are <span class=\"label label-warning\">LIMITED STOCK</span>",
    "price": 127500
    "imgPath": "1.jpg"

    
  }
]
